ID,착과량(int)
TEST_0000,246.9494794570635
TEST_0001,750.4703162832868
TEST_0002,153.31726579299857
TEST_0003,449.16532250007975
TEST_0004,686.0019130806754
TEST_0005,270.99774075033815
TEST_0006,119.9916351113302
TEST_0007,33.62215513073539
TEST_0008,353.06297342197337
TEST_0009,243.9847292402029
TEST_0010,553.0233938225401
TEST_0011,753.684746710833
TEST_0012,447.14241905286633
TEST_0013,377.90954496470545
TEST_0014,52.29342590335788
TEST_0015,141.28255697475194
TEST_0016,463.9132308308524
TEST_0017,402.3785158184687
TEST_0018,253.67909177602445
TEST_0019,554.9426560493105
TEST_0020,247.80209697125335
TEST_0021,350.586386980444
TEST_0022,448.3803443811215
TEST_0023,248.63981813773702
TEST_0024,154.44142163028533
TEST_0025,650.7456200978067
TEST_0026,156.59102458018157
TEST_0027,751.4637207844728
TEST_0028,642.6461467002096
TEST_0029,449.9747450580955
TEST_0030,36.2465123143723
TEST_0031,563.3882433276116
TEST_0032,650.2289506629288
TEST_0033,553.887007194341
TEST_0034,553.539921921458
TEST_0035,350.8222840197702
TEST_0036,248.16472715129308
TEST_0037,645.680656608759
TEST_0038,32.196307114944105
TEST_0039,449.17341406593863
TEST_0040,377.0327319190985
TEST_0041,155.50455308766
TEST_0042,746.4087648052523
TEST_0043,59.39023003309084
TEST_0044,582.0722188784168
TEST_0045,351.8022922890595
TEST_0046,750.7142132708361
TEST_0047,474.0940786669829
TEST_0048,352.8395062765723
TEST_0049,452.62744423037043
TEST_0050,550.0095562670483
TEST_0051,647.2863066512787
TEST_0052,412.08101457292685
TEST_0053,453.97145247472486
TEST_0054,366.6250494252256
TEST_0055,155.33834777588118
TEST_0056,748.6491426445581
TEST_0057,547.8054335235071
TEST_0058,555.4816870156837
TEST_0059,545.8607412040044
TEST_0060,447.71821417643594
TEST_0061,52.16319426342996
TEST_0062,546.3358617390303
TEST_0063,351.41499556872134
TEST_0064,506.120194424895
TEST_0065,349.24136527700693
TEST_0066,448.16948824836675
TEST_0067,450.29345804224306
TEST_0068,155.0005857271538
TEST_0069,657.5858573733508
TEST_0070,752.8420029602664
TEST_0071,741.3095988775216
TEST_0072,645.4063757881403
TEST_0073,253.85953581518686
TEST_0074,155.89264839329394
TEST_0075,249.267339667162
TEST_0076,154.26076500409692
TEST_0077,650.4755824345784
TEST_0078,753.2947759405802
TEST_0079,351.99188440007475
TEST_0080,249.1181601133257
TEST_0081,44.089331428146856
TEST_0082,68.23330156538077
TEST_0083,648.6965806356468
TEST_0084,640.7544781377092
TEST_0085,489.889506632422
TEST_0086,248.26807320187098
TEST_0087,346.6668101562383
TEST_0088,53.85122199925226
TEST_0089,151.40644299011788
TEST_0090,41.620095416780565
TEST_0091,375.8558096019273
TEST_0092,547.7267819481806
TEST_0093,543.9802360956609
TEST_0094,541.550936574318
TEST_0095,348.0255593459889
TEST_0096,248.87856484314642
TEST_0097,249.24627926317572
TEST_0098,242.71552981584304
TEST_0099,643.0435289203057
TEST_0100,722.2463982765435
TEST_0101,252.50184979862877
TEST_0102,451.14553094359303
TEST_0103,554.5170248679107
TEST_0104,240.9591330195014
TEST_0105,750.3768449088103
TEST_0106,155.3896389410293
TEST_0107,54.660933266178795
TEST_0108,448.24807284276096
TEST_0109,253.91774086493712
TEST_0110,647.5148066581784
TEST_0111,340.48338516744775
TEST_0112,567.863567453315
TEST_0113,449.8067354469872
TEST_0114,710.3745408785113
TEST_0115,154.8955988235315
TEST_0116,657.5850189582053
TEST_0117,649.9036738071053
TEST_0118,345.00510807564865
TEST_0119,469.6256325756588
TEST_0120,155.36311429287872
TEST_0121,450.3073705538612
TEST_0122,351.95673583467
TEST_0123,549.7947456766046
TEST_0124,741.5805862219456
TEST_0125,551.2604745262146
TEST_0126,274.97040673827814
TEST_0127,554.6301263889806
TEST_0128,542.9599325183399
TEST_0129,348.7990775520923
TEST_0130,52.21883629597225
TEST_0131,248.9044234820666
TEST_0132,467.2691226279299
TEST_0133,351.78698863196024
TEST_0134,121.42581902072884
TEST_0135,248.24651966155773
TEST_0136,752.1425859205801
TEST_0137,276.5884987965213
TEST_0138,155.74022441208388
TEST_0139,546.1352118989364
TEST_0140,754.1327623089469
TEST_0141,751.9023854814249
TEST_0142,245.77197699919301
TEST_0143,448.9933970258536
TEST_0144,41.94504311902855
TEST_0145,552.4956434292008
TEST_0146,251.7217884627304
TEST_0147,163.51281856913172
TEST_0148,150.6383371845028
TEST_0149,402.23777028196906
TEST_0150,562.76811049758
TEST_0151,648.32821056233
TEST_0152,750.4363284089318
TEST_0153,163.2621516220047
TEST_0154,549.1383652276743
TEST_0155,750.9167887871774
TEST_0156,504.10991799251747
TEST_0157,346.35209324155306
TEST_0158,154.21701074217663
TEST_0159,249.06549891026887
TEST_0160,546.5601722092465
TEST_0161,249.84936730713045
TEST_0162,193.07574239143634
TEST_0163,34.13101477917193
TEST_0164,548.9791243575978
TEST_0165,550.0323075011498
TEST_0166,570.0074794491136
TEST_0167,647.110647431999
TEST_0168,552.2300630812401
TEST_0169,353.33189622059297
TEST_0170,653.4156546520003
TEST_0171,547.4905826083786
TEST_0172,448.0281608149353
TEST_0173,250.68029940089698
TEST_0174,754.3415795448578
TEST_0175,153.98521825663192
TEST_0176,256.3218085336365
TEST_0177,353.98239971572326
TEST_0178,155.65917882229468
TEST_0179,351.6552726982969
TEST_0180,265.2295840361088
TEST_0181,350.02576594660644
TEST_0182,450.0753583891744
TEST_0183,249.53410886724515
TEST_0184,753.9951020053545
TEST_0185,543.0273322001244
TEST_0186,343.1132478430061
TEST_0187,650.6095476589899
TEST_0188,647.9272394395721
TEST_0189,244.1110227448035
TEST_0190,650.5381790514609
TEST_0191,156.19314283921273
TEST_0192,351.82887859636844
TEST_0193,645.4437166297703
TEST_0194,648.0780562623233
TEST_0195,746.1798217714736
TEST_0196,251.6561887895379
TEST_0197,70.98514559644093
TEST_0198,253.13381621114002
TEST_0199,32.04912301156111
TEST_0200,151.65856043087297
TEST_0201,351.0360208156228
TEST_0202,249.00031604986805
TEST_0203,154.33132939349127
TEST_0204,449.8138220162964
TEST_0205,350.3925101599237
TEST_0206,50.67296300710893
TEST_0207,302.1567101924783
TEST_0208,269.5165799867269
TEST_0209,455.0674332899738
TEST_0210,448.5270548358758
TEST_0211,161.74716089719038
TEST_0212,252.37028800346704
TEST_0213,559.134651417482
TEST_0214,347.514302609885
TEST_0215,31.54420111878004
TEST_0216,755.4439130194935
TEST_0217,153.23233143194034
TEST_0218,449.2803808364416
TEST_0219,448.56692318604627
TEST_0220,157.45012680913086
TEST_0221,346.5874788268834
TEST_0222,552.3954979380244
TEST_0223,251.91024733473114
TEST_0224,548.7324677789179
TEST_0225,447.0350906842664
TEST_0226,546.3855626119716
TEST_0227,44.70586454998253
TEST_0228,648.5936881850467
TEST_0229,363.2043040368406
TEST_0230,448.14661923656274
TEST_0231,644.2490112951759
TEST_0232,448.55719029814156
TEST_0233,155.64514238964887
TEST_0234,371.4509775348853
TEST_0235,449.19302273141506
TEST_0236,448.96610843426663
TEST_0237,349.289535629037
TEST_0238,141.27681702717553
TEST_0239,645.9310001040606
TEST_0240,580.4465052064788
TEST_0241,348.02244836147634
TEST_0242,284.98956237419713
TEST_0243,150.00090551326653
TEST_0244,646.4445070554452
TEST_0245,307.36687568031897
TEST_0246,349.4285087631447
TEST_0247,449.8623858366531
TEST_0248,630.4128889774405
TEST_0249,681.3730369019164
TEST_0250,250.1947358276904
TEST_0251,34.55540631996972
TEST_0252,647.7905803202884
TEST_0253,350.7368345089666
TEST_0254,152.56350968927808
TEST_0255,352.32791571196856
TEST_0256,251.3166468591477
TEST_0257,259.44995718008863
TEST_0258,251.15297217892942
TEST_0259,35.821289717856544
TEST_0260,552.4237970918357
TEST_0261,154.28882901806367
TEST_0262,348.6158851158374
TEST_0263,350.94892539792403
TEST_0264,41.130039581454696
TEST_0265,240.16376807071026
TEST_0266,403.69167515035116
TEST_0267,613.0943413589787
TEST_0268,554.1509756141775
TEST_0269,552.743048766171
TEST_0270,348.9530598519477
TEST_0271,348.7773418410618
TEST_0272,449.0190764545456
TEST_0273,752.7555585480179
TEST_0274,41.247494050294875
TEST_0275,37.18875199693561
TEST_0276,349.98408757260495
TEST_0277,55.54069819361776
TEST_0278,251.4238096900272
TEST_0279,36.93537652991926
TEST_0280,571.2392329166905
TEST_0281,247.0212717067986
TEST_0282,33.42576623068596
TEST_0283,152.99627094526366
TEST_0284,686.4878206492956
TEST_0285,650.6208221160764
TEST_0286,35.867005264287236
TEST_0287,651.5949371295195
TEST_0288,552.2477528591362
TEST_0289,349.79510421212825
TEST_0290,558.945471231573
TEST_0291,249.80533983405525
TEST_0292,719.119483180219
TEST_0293,638.8784822082873
TEST_0294,450.6340410096503
TEST_0295,452.719679505416
TEST_0296,650.9976823421741
TEST_0297,246.0175167048038
TEST_0298,188.15006201884364
TEST_0299,249.6439231564911
TEST_0300,246.05266387471133
TEST_0301,751.2188275207752
TEST_0302,154.6720258893822
TEST_0303,450.37699003796604
TEST_0304,504.58533637892015
TEST_0305,451.95116264147146
TEST_0306,128.56571665251846
TEST_0307,562.0471166157425
TEST_0308,751.4127731267517
TEST_0309,270.0900453477742
TEST_0310,39.714895702548006
TEST_0311,633.8738549847789
TEST_0312,448.6182870121021
TEST_0313,350.17847845084816
TEST_0314,653.0934600236264
TEST_0315,343.4001368198542
TEST_0316,429.233634359401
TEST_0317,131.43804127685007
TEST_0318,451.1740432032164
TEST_0319,650.0649252361727
TEST_0320,248.94812835021935
TEST_0321,352.19610296029305
TEST_0322,554.7448740122011
TEST_0323,247.77416989474108
TEST_0324,343.09341349226213
TEST_0325,580.1857625039665
TEST_0326,45.5172286497489
TEST_0327,646.2607760288346
TEST_0328,648.3427866319817
TEST_0329,347.3348894013867
TEST_0330,696.3234626093689
TEST_0331,57.00602180298344
TEST_0332,244.4200377396345
TEST_0333,348.32173370339365
TEST_0334,250.55703389382745
TEST_0335,154.27298968213972
TEST_0336,33.29118685796378
TEST_0337,447.4821292656092
TEST_0338,248.250025430967
TEST_0339,249.58829418455935
TEST_0340,747.9920073702858
TEST_0341,203.09461596220683
TEST_0342,44.38949987670355
TEST_0343,250.34660000515132
TEST_0344,541.3305280185024
TEST_0345,449.4611278716565
TEST_0346,153.4917504316811
TEST_0347,280.2613632093877
TEST_0348,60.13409895432588
TEST_0349,647.0294249836135
TEST_0350,654.3382849376746
TEST_0351,469.9282440660761
TEST_0352,448.76693797227995
TEST_0353,359.6087944627741
TEST_0354,41.76590407950779
TEST_0355,212.08135499581707
TEST_0356,378.3549111637733
TEST_0357,556.9149715925138
TEST_0358,181.32114551405715
TEST_0359,448.3597129664972
TEST_0360,189.59375811752122
TEST_0361,169.09170860498972
TEST_0362,413.58642684087215
TEST_0363,200.89246099733498
TEST_0364,268.50223202006066
TEST_0365,650.4216461618123
TEST_0366,248.29759099778062
TEST_0367,646.288711206113
TEST_0368,249.76302097277426
TEST_0369,155.3870810152747
TEST_0370,367.9406234902309
TEST_0371,251.25757567702738
TEST_0372,135.53690296936935
TEST_0373,548.8806572506319
TEST_0374,66.4024164802236
TEST_0375,648.6819276175659
TEST_0376,156.14596737281795
TEST_0377,354.5259228933255
TEST_0378,349.8303201286326
TEST_0379,534.970236974084
TEST_0380,447.65291723849487
TEST_0381,648.4157940104619
TEST_0382,556.088455898765
TEST_0383,363.27576911059634
TEST_0384,347.5087544699078
TEST_0385,136.90826120942927
TEST_0386,537.4697889782129
TEST_0387,729.6954948244176
TEST_0388,652.2029690897064
TEST_0389,153.3208980434295
TEST_0390,31.33920511955226
TEST_0391,350.9222759905539
TEST_0392,744.841054437924
TEST_0393,189.41998804389468
TEST_0394,154.01396143775287
TEST_0395,350.6409035374403
TEST_0396,348.8106043031608
TEST_0397,160.07826098532325
TEST_0398,153.00280307036886
TEST_0399,449.40161687215357
TEST_0400,749.3615828531686
TEST_0401,341.3165946253906
TEST_0402,451.40457453821193
TEST_0403,549.1830938471501
TEST_0404,448.6590772787703
TEST_0405,154.41972740177846
TEST_0406,247.77398836298042
TEST_0407,147.694998587939
TEST_0408,693.4446428705704
TEST_0409,550.829200821049
TEST_0410,348.42658017994376
TEST_0411,297.3185471564059
TEST_0412,650.9176125263804
TEST_0413,448.23600080584083
TEST_0414,351.1753841882477
TEST_0415,71.97779513392888
TEST_0416,349.3191094162944
TEST_0417,248.66522501696005
TEST_0418,551.6224244115934
TEST_0419,475.4514386464
TEST_0420,251.33149010649717
TEST_0421,544.4101258016774
TEST_0422,749.7231700289055
TEST_0423,99.05207846535453
TEST_0424,346.15984027096783
TEST_0425,183.06625178348023
TEST_0426,348.57344893025015
TEST_0427,643.6742893631633
TEST_0428,752.5203598758644
TEST_0429,155.4499669781586
TEST_0430,349.1769323118373
TEST_0431,448.34398119852835
TEST_0432,751.7046055083683
TEST_0433,362.5834192829524
TEST_0434,447.68816996198296
TEST_0435,350.0191069149589
TEST_0436,644.4613880370825
TEST_0437,444.28337603717193
TEST_0438,35.53181094779369
TEST_0439,245.1925793527863
TEST_0440,248.62218770059917
TEST_0441,350.85451936158233
TEST_0442,447.46447401975803
TEST_0443,40.841854657685566
TEST_0444,318.53533551608257
TEST_0445,145.5410331115557
TEST_0446,294.8229551164053
TEST_0447,33.64610473170114
TEST_0448,750.022491304193
TEST_0449,450.0955574697434
TEST_0450,346.6068911660135
TEST_0451,382.9829006350358
TEST_0452,281.4693082818839
TEST_0453,33.69379930642117
TEST_0454,150.67949281753283
TEST_0455,361.324847817663
TEST_0456,248.7640914601829
TEST_0457,651.2141501046121
TEST_0458,751.5590625257126
TEST_0459,351.0726742620301
TEST_0460,133.15909599586323
TEST_0461,429.9902471419431
TEST_0462,36.02069235304528
TEST_0463,434.7929831962357
TEST_0464,647.5956354025573
TEST_0465,53.46982871069101
TEST_0466,645.4549980852169
TEST_0467,649.5760028733486
TEST_0468,450.2482681055389
TEST_0469,647.4440557953022
TEST_0470,172.32321870018922
TEST_0471,351.24610091432106
TEST_0472,248.44809214902702
TEST_0473,240.89157219198688
TEST_0474,39.55257598630221
TEST_0475,448.4777066657231
TEST_0476,448.71728189262166
TEST_0477,41.7329907457825
TEST_0478,120.0179010381463
TEST_0479,448.9440158833549
TEST_0480,155.47378101762934
TEST_0481,154.2119784337379
TEST_0482,559.678196793262
TEST_0483,494.46693704160316
TEST_0484,753.5393679088593
TEST_0485,361.10078299131897
TEST_0486,155.77156714616603
TEST_0487,726.1762741562709
TEST_0488,351.9019612699773
TEST_0489,249.34112042809153
TEST_0490,248.40118912367546
TEST_0491,349.40858108852797
TEST_0492,249.36736712820021
TEST_0493,158.7108377689936
TEST_0494,248.79790383294358
TEST_0495,646.8709086341978
TEST_0496,46.97446976590922
TEST_0497,628.2577588272037
TEST_0498,589.2839104529539
TEST_0499,124.17704957910372
TEST_0500,460.9025413084888
TEST_0501,648.104114849275
TEST_0502,192.14461728779872
TEST_0503,652.5996196690071
TEST_0504,548.864691838357
TEST_0505,250.03370546911304
TEST_0506,46.69493346163938
TEST_0507,571.6586703487555
TEST_0508,350.4921683043272
TEST_0509,246.3557693141479
TEST_0510,350.4115442521213
TEST_0511,44.867752551479995
TEST_0512,348.1792548234976
TEST_0513,547.4509189320415
TEST_0514,249.463607829566
TEST_0515,358.98162534752265
TEST_0516,348.4593288238642
TEST_0517,646.2595725030537
TEST_0518,53.6008495917811
TEST_0519,42.20966531531751
TEST_0520,535.298348944729
TEST_0521,544.9557293353068
TEST_0522,750.3394980208466
TEST_0523,448.8669037745966
TEST_0524,753.9455911009225
TEST_0525,547.0637402175169
TEST_0526,647.6056372723465
TEST_0527,539.1555937126176
TEST_0528,469.8020183395729
TEST_0529,175.21079850777926
TEST_0530,188.45814534170887
TEST_0531,650.7104440786306
TEST_0532,555.810691995086
TEST_0533,34.82436757627947
TEST_0534,32.23962749050886
TEST_0535,749.7211958451799
TEST_0536,668.9360877007122
TEST_0537,647.4124739745941
TEST_0538,253.29538695244787
TEST_0539,549.2025466015505
TEST_0540,632.6652683375851
TEST_0541,729.1033974908419
TEST_0542,546.2533979258101
TEST_0543,550.7542062218533
TEST_0544,551.3816677848712
TEST_0545,752.4760636805481
TEST_0546,349.0201699443935
TEST_0547,509.5168491696561
TEST_0548,573.9988277907382
TEST_0549,156.04936602779242
TEST_0550,647.0667302552376
TEST_0551,449.57291439692347
TEST_0552,464.49983395621035
TEST_0553,651.0049120196613
TEST_0554,158.6286872401168
TEST_0555,152.50162438623306
TEST_0556,246.3302816473962
TEST_0557,445.593389197367
TEST_0558,385.64587431868136
TEST_0559,336.6568896213772
TEST_0560,138.7179232341202
TEST_0561,249.3305085621053
TEST_0562,53.96608011778156
TEST_0563,69.45505404162142
TEST_0564,388.36727817687154
TEST_0565,615.1519975576156
TEST_0566,151.25114180913812
TEST_0567,752.4824040262058
TEST_0568,550.6369434517078
TEST_0569,153.0257300655743
TEST_0570,349.5213333850852
TEST_0571,250.53629632274595
TEST_0572,450.18026509425005
TEST_0573,756.4442659450472
TEST_0574,546.3900782754176
TEST_0575,377.3857850022516
TEST_0576,338.3631172058749
TEST_0577,349.16997814624835
TEST_0578,752.6805064527664
TEST_0579,256.4003840873021
TEST_0580,45.17427827457583
TEST_0581,467.7410957830882
TEST_0582,751.597756405275
TEST_0583,154.90438599502556
TEST_0584,152.0973213914398
TEST_0585,248.24078718906588
TEST_0586,249.3103452326979
TEST_0587,153.33708695596545
TEST_0588,649.9607972452534
TEST_0589,348.65456036122225
TEST_0590,251.3632215212578
TEST_0591,250.63603559971776
TEST_0592,329.295158224438
TEST_0593,647.9210854360797
TEST_0594,449.94508972240953
TEST_0595,281.3289642037269
TEST_0596,447.30111610080405
TEST_0597,40.145834825501844
TEST_0598,430.4182085838713
TEST_0599,250.99541912864552
TEST_0600,405.8949079722589
TEST_0601,246.87227201872366
TEST_0602,242.15268390601824
TEST_0603,643.4345615795039
TEST_0604,546.7266991366636
TEST_0605,352.71785418945933
TEST_0606,154.28126667008337
TEST_0607,171.48717689351955
TEST_0608,456.2754535323638
TEST_0609,750.4007948545752
TEST_0610,249.81845997758643
TEST_0611,234.37101189079618
TEST_0612,348.22392768132136
TEST_0613,447.4372646928857
TEST_0614,449.7227258158732
TEST_0615,251.40580524441214
TEST_0616,749.0082140012375
TEST_0617,569.4504692991386
TEST_0618,447.01674324445696
TEST_0619,38.91699353654366
TEST_0620,697.6098753789568
TEST_0621,316.21867784445817
TEST_0622,753.1763913993193
TEST_0623,33.504575439948965
TEST_0624,60.14578134697177
TEST_0625,252.1508035392441
TEST_0626,50.19943949723125
TEST_0627,446.49639032668813
TEST_0628,154.9488856668475
TEST_0629,643.012933316621
TEST_0630,554.8740283589818
TEST_0631,250.34544593960302
TEST_0632,691.0210712755202
TEST_0633,208.32245757157165
TEST_0634,245.30925181495707
TEST_0635,752.2828934568341
TEST_0636,549.1785063605221
TEST_0637,350.86437736214884
TEST_0638,317.1914598425725
TEST_0639,689.3663107770901
TEST_0640,46.78644904961503
TEST_0641,351.7396303828058
TEST_0642,348.49238247256704
TEST_0643,741.7562946720217
TEST_0644,753.4260648470442
TEST_0645,155.29249367927133
TEST_0646,352.1287138080073
TEST_0647,31.36642206974697
TEST_0648,750.9162142593957
TEST_0649,579.5438369552462
TEST_0650,651.0588725153319
TEST_0651,449.73279797880105
TEST_0652,646.314010868808
TEST_0653,451.04128800741245
TEST_0654,96.9417117435429
TEST_0655,153.39001064938026
TEST_0656,154.05226522561898
TEST_0657,651.7269410458697
TEST_0658,346.4999115900531
TEST_0659,349.0182213992272
TEST_0660,752.0393308728649
TEST_0661,543.8191494472762
TEST_0662,248.242915685867
TEST_0663,156.5454257200617
TEST_0664,348.5882594298
TEST_0665,152.93008381404235
TEST_0666,549.6468171136187
TEST_0667,648.2491390901006
TEST_0668,551.1806831444518
TEST_0669,96.46883910602207
TEST_0670,655.0698965408008
TEST_0671,145.4439893292486
TEST_0672,293.4099709101348
TEST_0673,171.41053296546906
TEST_0674,152.79822153825506
TEST_0675,150.29990554694507
TEST_0676,447.3103473819449
TEST_0677,361.2051185971944
TEST_0678,750.8460860151308
TEST_0679,543.3613460006885
TEST_0680,120.42232656758054
TEST_0681,447.907927540145
TEST_0682,555.7086008102035
TEST_0683,154.75356670212827
TEST_0684,451.97787113026254
TEST_0685,593.0655560036005
TEST_0686,552.1979527346523
TEST_0687,48.905009921242126
TEST_0688,368.70824868410614
TEST_0689,449.38088245287565
TEST_0690,467.49367643135577
TEST_0691,375.15246292498455
TEST_0692,252.62283242214787
TEST_0693,355.4863527350485
TEST_0694,154.91631201086642
TEST_0695,448.25746467679176
TEST_0696,351.645934818618
TEST_0697,451.8275435762174
TEST_0698,249.2045073808391
TEST_0699,648.5315897890825
TEST_0700,555.8195546602095
TEST_0701,93.60674211669391
TEST_0702,45.358154302879825
TEST_0703,351.5286546405006
TEST_0704,453.0194194716805
TEST_0705,207.2318434353061
TEST_0706,549.7734300638319
TEST_0707,555.6633664628466
TEST_0708,449.4734586651593
TEST_0709,391.3685800515318
TEST_0710,153.62353728662788
TEST_0711,553.5127062303404
TEST_0712,33.7200119226502
TEST_0713,651.3041352293037
TEST_0714,544.899924930736
TEST_0715,54.25407220870223
TEST_0716,350.77602137254553
TEST_0717,549.4514110569112
TEST_0718,246.88442526927395
TEST_0719,347.40015740036336
TEST_0720,750.9662664609134
TEST_0721,156.72008571681366
TEST_0722,303.1195590578551
TEST_0723,253.16738958617907
TEST_0724,42.62013650168714
TEST_0725,448.7020226217635
TEST_0726,382.8720130498698
TEST_0727,751.2094322603632
TEST_0728,448.73562734674397
TEST_0729,249.09366036182456
TEST_0730,750.1752773674791
TEST_0731,157.11306009993126
TEST_0732,754.971938679206
TEST_0733,244.40165996668546
TEST_0734,554.4166751100113
TEST_0735,152.9098874522015
TEST_0736,642.8153043936368
TEST_0737,649.5524689864694
TEST_0738,155.60276131526584
TEST_0739,652.9666229478994
TEST_0740,150.48119976811358
TEST_0741,343.39826641177285
TEST_0742,33.39061518917991
TEST_0743,38.785530584439186
TEST_0744,550.7934317241447
TEST_0745,650.0671084078024
TEST_0746,250.55243997682425
TEST_0747,667.4378933503265
TEST_0748,558.5440139820968
TEST_0749,254.0706770869387
TEST_0750,147.29405616937194
TEST_0751,642.3967325960807
TEST_0752,544.3966313491405
TEST_0753,448.49442924493036
TEST_0754,607.8888251980375
TEST_0755,253.51814070787182
TEST_0756,154.8254306535307
TEST_0757,153.1786753726335
TEST_0758,448.91689361796216
TEST_0759,34.283991947521784
TEST_0760,155.2743008439886
TEST_0761,246.67283223293234
TEST_0762,645.8571148908516
TEST_0763,417.24621417590504
TEST_0764,650.7309576126053
TEST_0765,347.91083320422536
TEST_0766,156.62235591099446
TEST_0767,379.3732992134612
TEST_0768,551.862826317818
TEST_0769,741.529251849907
TEST_0770,550.3090559812252
TEST_0771,554.3896967454384
TEST_0772,349.0113140761616
TEST_0773,551.7586539442043
TEST_0774,249.41649957447083
TEST_0775,144.96336890032921
TEST_0776,357.7311494356158
TEST_0777,610.4276262278165
TEST_0778,144.98403287344541
TEST_0779,452.1509163477913
TEST_0780,446.6939030043464
TEST_0781,250.2632385766583
TEST_0782,650.21444167031
TEST_0783,451.35223045014743
TEST_0784,253.42796098135835
TEST_0785,34.06703978993279
TEST_0786,248.1961047549928
TEST_0787,248.85923634604055
TEST_0788,510.5054289321314
TEST_0789,35.75497824097294
TEST_0790,163.51771839597754
TEST_0791,548.0101734368587
TEST_0792,185.56399983006287
TEST_0793,347.0321071673767
TEST_0794,749.3460232908554
TEST_0795,155.41110703840673
TEST_0796,151.5112745025153
TEST_0797,453.51736795134843
TEST_0798,46.29818117591553
TEST_0799,349.40338408417267
TEST_0800,246.71118463495492
TEST_0801,247.60579917933
TEST_0802,532.4498337309237
TEST_0803,434.1439400184024
TEST_0804,155.32052167470079
TEST_0805,649.7499029158816
TEST_0806,740.2916196301545
TEST_0807,352.4225696593852
TEST_0808,557.9209782728278
TEST_0809,551.7499176177957
TEST_0810,247.13328471946642
TEST_0811,648.5766318058163
TEST_0812,751.0765160851079
TEST_0813,248.75524441471248
TEST_0814,720.1134421353928
TEST_0815,551.114275370466
TEST_0816,351.56015901062165
TEST_0817,347.74144202908604
TEST_0818,266.57054189739665
TEST_0819,350.52357716054325
TEST_0820,648.0427908769718
TEST_0821,750.3128814139499
TEST_0822,248.90833941871435
TEST_0823,32.541350625685595
TEST_0824,752.8711334969106
TEST_0825,649.3230766408549
TEST_0826,647.5457558766803
TEST_0827,245.19487027863744
TEST_0828,239.90757559086902
TEST_0829,350.4795071765626
TEST_0830,196.81834023047992
TEST_0831,648.5619923198353
TEST_0832,721.6178677405924
TEST_0833,147.44136457621397
TEST_0834,543.749655351658
TEST_0835,554.1900147563964
TEST_0836,115.16669135388463
TEST_0837,543.4551860454478
TEST_0838,364.02237296378166
TEST_0839,552.5400168214085
TEST_0840,598.1382835103507
TEST_0841,351.5442092638672
TEST_0842,650.5376189451877
TEST_0843,251.9225182185431
TEST_0844,358.7266610083542
TEST_0845,250.99694310960876
TEST_0846,651.566806633948
TEST_0847,502.76879579406534
TEST_0848,249.65622106492512
TEST_0849,143.22786216204258
TEST_0850,35.94609920344677
TEST_0851,606.8331850386977
TEST_0852,249.80097971154774
TEST_0853,248.28998159589966
TEST_0854,649.5732844918496
TEST_0855,749.9400330833942
TEST_0856,650.7409544364925
TEST_0857,35.76403753817894
TEST_0858,249.38833707598135
TEST_0859,752.6108394926723
TEST_0860,648.606181021555
TEST_0861,354.1811677792125
TEST_0862,650.7264095956972
TEST_0863,577.512370594869
TEST_0864,155.6526556609511
TEST_0865,644.8288579214063
TEST_0866,143.2989278305754
TEST_0867,445.80279695727245
TEST_0868,347.7287019441689
TEST_0869,649.2590124653418
TEST_0870,451.0436238386287
TEST_0871,743.7529111489807
TEST_0872,753.1043849142541
TEST_0873,749.1129845066112
TEST_0874,213.89737377160003
TEST_0875,700.063879825136
TEST_0876,495.07098853512593
TEST_0877,357.8983169585839
TEST_0878,246.84493493412003
TEST_0879,52.44010896930101
TEST_0880,547.3195335724868
TEST_0881,154.89229825307763
TEST_0882,248.97132034795686
TEST_0883,609.8391656307832
TEST_0884,471.9546200303388
TEST_0885,359.955246683816
TEST_0886,357.76545410031525
TEST_0887,144.51440948067295
TEST_0888,349.1091595515299
TEST_0889,649.3223787191035
TEST_0890,454.1016476725606
TEST_0891,152.90061259624565
TEST_0892,648.4330868872426
TEST_0893,549.2020171344545
TEST_0894,251.713876066694
TEST_0895,751.5989228571577
TEST_0896,444.85746187713914
TEST_0897,448.46478431843514
TEST_0898,751.936107680743
TEST_0899,554.8584871492701
TEST_0900,650.4170670132239
TEST_0901,553.5800079289328
TEST_0902,750.7136778766361
TEST_0903,45.30284159096816
TEST_0904,648.4429491669532
TEST_0905,645.0622110976869
TEST_0906,40.438069495484655
TEST_0907,33.29249874503208
TEST_0908,152.17184597874478
TEST_0909,42.553296566469385
TEST_0910,649.0883993599529
TEST_0911,191.16612829751773
TEST_0912,550.5582713571521
TEST_0913,254.03572642342618
TEST_0914,248.53518986967094
TEST_0915,651.3654961922211
TEST_0916,349.9668002416387
TEST_0917,157.89198838849927
TEST_0918,157.05571369271206
TEST_0919,750.253474800101
TEST_0920,469.14349763435575
TEST_0921,350.2450048662773
TEST_0922,121.24722818354876
TEST_0923,721.415473461626
TEST_0924,462.6191151028337
TEST_0925,349.6579544399348
TEST_0926,350.3704026356461
TEST_0927,350.38308068925016
TEST_0928,461.2689838705155
TEST_0929,653.0299025197094
TEST_0930,750.6936164388399
TEST_0931,150.18156718071975
TEST_0932,650.0215261101059
TEST_0933,349.029948427999
TEST_0934,454.70512351871764
TEST_0935,178.4115026389673
TEST_0936,121.54900256482179
TEST_0937,138.87718468205196
TEST_0938,191.80523084216145
TEST_0939,151.09873760582133
TEST_0940,241.20758876555982
TEST_0941,153.36371384571282
TEST_0942,153.56574398401978
TEST_0943,548.908592277156
TEST_0944,250.2904448908631
TEST_0945,650.9257500677361
TEST_0946,170.6606085453257
TEST_0947,751.0254141619953
TEST_0948,267.6488129136783
TEST_0949,456.3029088607228
TEST_0950,350.88666394816016
TEST_0951,645.5941860863459
TEST_0952,150.30492530807794
TEST_0953,445.76210946253025
TEST_0954,350.1960056941498
TEST_0955,580.293108310271
TEST_0956,698.8896026896201
TEST_0957,150.28599961473006
TEST_0958,449.61614578564786
TEST_0959,549.1579185443651
TEST_0960,237.1745798774003
TEST_0961,349.84608340489
TEST_0962,449.3792211662741
TEST_0963,53.98774188607614
TEST_0964,376.1672938404264
TEST_0965,156.21221861768015
TEST_0966,354.1151003326271
TEST_0967,349.88173921867985
TEST_0968,544.2571257106954
TEST_0969,349.57080583405735
TEST_0970,102.99894231398665
TEST_0971,530.3940669922313
TEST_0972,284.08146706119334
TEST_0973,450.760717425267
TEST_0974,351.4196949819479
TEST_0975,640.9110061609724
TEST_0976,556.3810431811431
TEST_0977,248.3815457061645
TEST_0978,248.6873313454229
TEST_0979,248.10555361720895
TEST_0980,246.43192630354451
TEST_0981,151.9044046712849
TEST_0982,45.196567734605594
TEST_0983,353.5314589795073
TEST_0984,178.62106799242883
TEST_0985,646.7202119960845
TEST_0986,751.9480181028096
TEST_0987,43.931481611035736
TEST_0988,249.07496400324106
TEST_0989,650.4882315444852
TEST_0990,450.7416545253547
TEST_0991,459.21340056398566
TEST_0992,244.9977073073922
TEST_0993,743.5196396350123
TEST_0994,450.64201818734455
TEST_0995,450.20222521264986
TEST_0996,152.20949286495656
TEST_0997,672.3587493992356
TEST_0998,449.9642601706237
TEST_0999,558.5209214065158
TEST_1000,588.5030211034514
TEST_1001,545.9530035713151
TEST_1002,749.6910104110754
TEST_1003,647.3761135713777
TEST_1004,246.01801922114439
TEST_1005,448.45591350587904
TEST_1006,249.0617638121842
TEST_1007,754.0247080741383
TEST_1008,449.5152821992259
TEST_1009,745.6259699465982
TEST_1010,353.6077388024263
TEST_1011,557.007102409531
TEST_1012,554.5842625733999
TEST_1013,549.0913715997001
TEST_1014,352.390972272517
TEST_1015,249.63399157156758
TEST_1016,450.3734263759701
TEST_1017,644.0484342817501
TEST_1018,447.57894479566573
TEST_1019,427.2388157671804
TEST_1020,155.0235917459512
TEST_1021,347.2072023423018
TEST_1022,381.9949688343885
TEST_1023,146.68215663321615
TEST_1024,249.8387601369455
TEST_1025,447.73973138312897
TEST_1026,641.0735697222556
TEST_1027,250.45761775337968
TEST_1028,751.2487885415853
TEST_1029,93.02267128986747
TEST_1030,448.66069234347543
TEST_1031,653.7431208284339
TEST_1032,138.07305338580778
TEST_1033,684.3951042707616
TEST_1034,649.383200628049
TEST_1035,503.2887709413293
TEST_1036,647.3303877010144
TEST_1037,550.6883594286763
TEST_1038,349.7489488240493
TEST_1039,269.1839916346912
TEST_1040,551.1701224917415
TEST_1041,651.6719505610793
TEST_1042,346.6323348152524
TEST_1043,349.6914641881492
TEST_1044,41.53761414763407
TEST_1045,449.7990134588416
TEST_1046,350.611629759626
TEST_1047,347.01391880382755
TEST_1048,151.14161598987704
TEST_1049,152.55344775531623
TEST_1050,752.1467608762853
TEST_1051,250.18217626370352
TEST_1052,555.9904269285305
TEST_1053,351.0390031072783
TEST_1054,555.1309038502324
TEST_1055,352.24976985566536
TEST_1056,555.6736252986698
TEST_1057,371.76221880115156
TEST_1058,547.9372277185164
TEST_1059,67.30061103892717
TEST_1060,751.745859468771
TEST_1061,552.426715855459
TEST_1062,446.4331372699619
TEST_1063,751.2907686034953
TEST_1064,650.6812657819735
TEST_1065,646.6282714094439
TEST_1066,558.3451439890878
TEST_1067,465.7898236798112
TEST_1068,153.84763494015934
TEST_1069,449.18711938583203
TEST_1070,154.12946137986114
TEST_1071,754.2739852091493
TEST_1072,155.4627597112013
TEST_1073,354.66743300026974
TEST_1074,446.44391410955456
TEST_1075,154.59816176677697
TEST_1076,555.7759213194711
TEST_1077,143.59401132104819
TEST_1078,552.5200856018444
TEST_1079,246.84336400205765
TEST_1080,751.1686096170971
TEST_1081,555.0772011120935
TEST_1082,44.23925384908309
TEST_1083,633.969398227963
TEST_1084,639.9540277207336
TEST_1085,554.686897125815
TEST_1086,348.0503882702975
TEST_1087,348.3708592792358
TEST_1088,521.8735158447798
TEST_1089,45.91882444817384
TEST_1090,351.74296902931445
TEST_1091,253.03226814493962
TEST_1092,449.73183659563244
TEST_1093,157.04272046031497
TEST_1094,621.3693568399217
TEST_1095,169.67385982857482
TEST_1096,42.256249324014895
TEST_1097,686.0818155896427
TEST_1098,751.5416471536552
TEST_1099,249.75615377176223
TEST_1100,347.65134841894695
TEST_1101,41.19121502199954
TEST_1102,642.3565902306862
TEST_1103,204.6418128049553
TEST_1104,154.9719860534908
TEST_1105,750.992205550164
TEST_1106,153.13640918859997
TEST_1107,646.9346119385481
TEST_1108,601.2604049301326
TEST_1109,347.8042815520937
TEST_1110,546.8333990698574
TEST_1111,541.8462948984723
TEST_1112,464.04759835240384
TEST_1113,651.7581295646052
TEST_1114,549.0147862876076
TEST_1115,348.6674544472038
TEST_1116,446.52210680849697
TEST_1117,647.3821998002768
TEST_1118,248.83722418353847
TEST_1119,649.0238068188066
TEST_1120,153.24325979304166
TEST_1121,144.3501343182835
TEST_1122,153.70648197064065
TEST_1123,547.8436996424175
TEST_1124,161.12724062269046
TEST_1125,272.6400590974462
TEST_1126,552.5822162520842
TEST_1127,153.2790020247511
TEST_1128,365.96742878731925
TEST_1129,752.6799972692684
TEST_1130,649.5678723251463
TEST_1131,574.0805696660912
TEST_1132,109.79644448169397
TEST_1133,645.6396679256386
TEST_1134,548.3477949941043
TEST_1135,151.0680695776631
TEST_1136,399.7727156346072
TEST_1137,687.3923238323536
TEST_1138,349.7885149873058
TEST_1139,543.7352730928901
TEST_1140,368.5356011156252
TEST_1141,447.81133033187245
TEST_1142,153.91392124472432
TEST_1143,548.2728934517379
TEST_1144,250.87696373102
TEST_1145,651.4655453932567
TEST_1146,346.94392286929406
TEST_1147,164.26643956335914
TEST_1148,348.97557090637736
TEST_1149,191.45418548893446
TEST_1150,147.55772954995163
TEST_1151,361.6437175540407
TEST_1152,348.70358220809135
TEST_1153,545.493865071209
TEST_1154,342.52386421447994
TEST_1155,300.8759688809603
TEST_1156,650.5903586299581
TEST_1157,451.74473779874137
TEST_1158,147.03305731091297
TEST_1159,447.72317312227204
TEST_1160,133.3343265468406
TEST_1161,66.22089303312171
TEST_1162,643.9835035110452
TEST_1163,449.5233959893575
TEST_1164,155.46724199482787
TEST_1165,747.2048663795626
TEST_1166,532.6832325413661
TEST_1167,251.21742563213922
TEST_1168,654.775672836019
TEST_1169,155.349452151118
TEST_1170,549.8538586571531
TEST_1171,551.6333321105203
TEST_1172,535.3293184605932
TEST_1173,248.5450619156423
TEST_1174,749.847476452227
TEST_1175,554.9512889686707
TEST_1176,149.49511136298418
TEST_1177,31.401816312221055
TEST_1178,155.0090349856146
TEST_1179,447.30803862238383
TEST_1180,41.438866337992934
TEST_1181,644.4324304110548
TEST_1182,441.3289723089206
TEST_1183,449.4894449505883
TEST_1184,753.2980016587121
TEST_1185,349.75718564529393
TEST_1186,51.53940267136202
TEST_1187,30.75189031733623
TEST_1188,649.6109606514292
TEST_1189,592.1434742808757
TEST_1190,542.5005687058697
TEST_1191,247.80198447595615
TEST_1192,639.216342463804
TEST_1193,754.5842296400258
TEST_1194,247.42574038045043
TEST_1195,380.0364620449772
TEST_1196,751.1735156693762
TEST_1197,40.668475232241356
TEST_1198,462.68308949544166
TEST_1199,376.1762632204965
TEST_1200,379.0370289751212
TEST_1201,260.7892074826886
TEST_1202,449.6861163508188
TEST_1203,544.5789572032254
TEST_1204,545.4124538931608
TEST_1205,245.90780476200837
TEST_1206,641.0454557820835
TEST_1207,248.67916127645884
TEST_1208,169.586898891817
TEST_1209,449.6264173113908
TEST_1210,641.4621339973214
TEST_1211,249.29420428638173
TEST_1212,644.2719974582786
TEST_1213,744.0099008973605
TEST_1214,447.71727932366014
TEST_1215,352.9107267820033
TEST_1216,251.01797994492995
TEST_1217,348.51210647120604
TEST_1218,50.650810740291014
TEST_1219,247.64884742826627
TEST_1220,239.7122081843525
TEST_1221,54.013758881801294
TEST_1222,350.71437815480226
TEST_1223,447.36876575366216
TEST_1224,652.3011927099826
TEST_1225,154.5788233386927
TEST_1226,33.74969837827875
TEST_1227,447.7436852299314
TEST_1228,272.9461668745272
TEST_1229,39.96266616683657
TEST_1230,658.2625258396571
TEST_1231,248.82683862148588
TEST_1232,749.8038034041638
TEST_1233,753.0343891040382
TEST_1234,81.40309534283864
TEST_1235,150.34326022046866
TEST_1236,631.8045862352581
TEST_1237,249.30890711381272
TEST_1238,650.2769425759598
TEST_1239,248.28218845622357
TEST_1240,551.3485191910645
TEST_1241,654.8388187938905
TEST_1242,334.62187244871427
TEST_1243,154.9983709178224
TEST_1244,652.1692656002422
TEST_1245,753.1895011326856
TEST_1246,348.136115920661
TEST_1247,247.10349416514094
TEST_1248,449.1918996442163
TEST_1249,752.1658405333947
TEST_1250,170.5417125238169
TEST_1251,636.267098737836
TEST_1252,34.545978169466196
TEST_1253,251.49261801889932
TEST_1254,152.6103727698163
TEST_1255,449.24832161473466
TEST_1256,32.83670173789693
TEST_1257,547.2839734828757
TEST_1258,253.72105880262882
TEST_1259,142.7993272624167
TEST_1260,351.39634586022294
TEST_1261,646.7041867995626
TEST_1262,156.54163041372726
TEST_1263,48.846068396086
TEST_1264,551.8955054490677
TEST_1265,44.466479144177356
TEST_1266,176.58392164930325
TEST_1267,547.4476142111307
TEST_1268,645.6396806117914
TEST_1269,447.625096075653
TEST_1270,348.17390290182993
TEST_1271,250.16575064819796
TEST_1272,151.9817788191684
TEST_1273,645.7248332710828
TEST_1274,551.1896930211302
TEST_1275,553.7226254966022
TEST_1276,750.5459160636121
TEST_1277,248.7803534026231
TEST_1278,551.1517702859908
TEST_1279,431.6929421521627
TEST_1280,752.4726829281725
TEST_1281,310.3700606920168
TEST_1282,31.258923416080872
TEST_1283,56.944637347842544
TEST_1284,347.8342428037088
TEST_1285,73.98340401874114
TEST_1286,642.4164516413776
TEST_1287,157.82048897683947
TEST_1288,350.6308934510597
TEST_1289,651.3486943493501
TEST_1290,244.01586674161086
TEST_1291,558.677722006624
TEST_1292,580.9505895296236
TEST_1293,644.6996267412003
TEST_1294,248.85172379740152
TEST_1295,350.9723901514787
TEST_1296,549.0073782873646
TEST_1297,331.1721033849755
TEST_1298,514.5750875707722
TEST_1299,155.83892254364662
TEST_1300,426.1973097646175
TEST_1301,450.75692129793515
TEST_1302,654.5681250952109
TEST_1303,446.89395309902636
TEST_1304,563.4527971061437
TEST_1305,38.052594234757755
TEST_1306,569.9434705161007
TEST_1307,343.70397806276236
TEST_1308,594.1056245240245
TEST_1309,349.15564600138396
TEST_1310,547.8975136229857
TEST_1311,288.2478052621097
TEST_1312,558.9527562521515
TEST_1313,449.3711174593345
TEST_1314,555.3014504194205
TEST_1315,249.54733290338837
TEST_1316,246.70997058647524
TEST_1317,449.2969214697896
TEST_1318,144.91445181862503
TEST_1319,51.43169354542366
TEST_1320,561.9518055061399
TEST_1321,36.55100102185506
TEST_1322,650.1604044389171
TEST_1323,179.53240556342197
TEST_1324,155.0099478243198
TEST_1325,350.8944064696217
TEST_1326,154.10594157469902
TEST_1327,646.0795023731785
TEST_1328,356.6654905636587
TEST_1329,147.31923729793212
TEST_1330,349.6656816224192
TEST_1331,446.7955333107341
TEST_1332,551.8568595065707
TEST_1333,146.1113317626731
TEST_1334,447.634006038601
TEST_1335,129.21187016489398
TEST_1336,750.6667094091044
TEST_1337,555.4660101393449
TEST_1338,450.05720656357533
TEST_1339,249.61806939291728
TEST_1340,255.0299640572188
TEST_1341,434.90150359604934
TEST_1342,248.21478028747708
TEST_1343,588.9382150314182
TEST_1344,450.5400937257831
TEST_1345,449.11004652840023
TEST_1346,646.4812626538319
TEST_1347,119.82017254317611
TEST_1348,31.56309000257522
TEST_1349,647.5516143328618
TEST_1350,646.4053309704186
TEST_1351,134.4705715351387
TEST_1352,249.26754610291917
TEST_1353,753.7160297569135
TEST_1354,38.013996978234495
TEST_1355,651.1604484680945
TEST_1356,565.280133993517
TEST_1357,448.40900218108493
TEST_1358,547.8052070318921
TEST_1359,710.7692403524201
TEST_1360,548.8047944444791
TEST_1361,151.13343250916768
TEST_1362,384.35176248986204
TEST_1363,159.44942795978181
TEST_1364,247.87692957354156
TEST_1365,651.2950880899889
TEST_1366,114.84434314704632
TEST_1367,330.6620110137734
TEST_1368,248.1782610909476
TEST_1369,449.15770997108154
TEST_1370,250.0450322856442
TEST_1371,538.3553491994862
TEST_1372,649.9885252581835
TEST_1373,450.22061598459663
TEST_1374,318.49445687356854
TEST_1375,644.4917730243224
TEST_1376,552.1508665519375
TEST_1377,350.2250124921278
TEST_1378,34.122121720304975
TEST_1379,546.0894673571277
TEST_1380,250.15446870607587
TEST_1381,351.82011891363055
TEST_1382,49.47814052746562
TEST_1383,143.6790588642992
TEST_1384,155.68559205600673
TEST_1385,548.8212741764298
TEST_1386,648.5792202658389
TEST_1387,449.7427997570233
TEST_1388,42.74246009803146
TEST_1389,459.70603641876323
TEST_1390,647.6038567714247
TEST_1391,752.6589493447095
TEST_1392,653.0318458988463
TEST_1393,273.29721268671176
TEST_1394,751.5087769860281
TEST_1395,548.8174393056283
TEST_1396,357.9260476302575
TEST_1397,32.463729395209114
TEST_1398,446.1824835392349
TEST_1399,34.7032873046817
TEST_1400,648.9949066832924
TEST_1401,654.6991077781557
TEST_1402,448.49939285092495
TEST_1403,247.38826359069066
TEST_1404,752.6081882140637
TEST_1405,128.98546831413432
TEST_1406,153.65275751828176
TEST_1407,650.4603506387607
TEST_1408,248.63303356481703
TEST_1409,153.44920691901228
TEST_1410,750.6380287379503
TEST_1411,538.2734465574329
TEST_1412,153.26948332942862
TEST_1413,155.43009605866519
TEST_1414,247.36248118521746
TEST_1415,652.5528943397122
TEST_1416,408.75336710645587
TEST_1417,753.7425260337506
TEST_1418,752.4058610658839
TEST_1419,138.96795479357843
TEST_1420,538.8519303752345
TEST_1421,154.16296405825426
TEST_1422,448.5694342211071
TEST_1423,250.22465142552738
TEST_1424,251.1816382928895
TEST_1425,446.6109556197111
TEST_1426,753.5871040946769
TEST_1427,647.0786289566956
TEST_1428,529.6111378269286
TEST_1429,626.5136737390314
TEST_1430,212.28254755745684
TEST_1431,255.30501901302105
TEST_1432,553.8462354648884
TEST_1433,351.07803950283
TEST_1434,351.41128547603375
TEST_1435,350.02227456395156
TEST_1436,154.3903982661654
TEST_1437,749.2420060052715
TEST_1438,155.4482295519307
TEST_1439,649.6060860134455
TEST_1440,449.6197794301313
TEST_1441,150.17107552927607
TEST_1442,553.0940475808309
TEST_1443,448.2072448585125
TEST_1444,251.43242089763777
TEST_1445,544.3457619500829
TEST_1446,90.17634752279982
TEST_1447,449.3388567073454
TEST_1448,449.55690953436135
TEST_1449,752.3837206530035
TEST_1450,653.0256010798803
TEST_1451,650.2129767393628
TEST_1452,648.5698474284306
TEST_1453,350.0247084240258
TEST_1454,650.6152533272589
TEST_1455,245.62090211006023
TEST_1456,459.8675298443149
TEST_1457,35.14329006634837
TEST_1458,546.8049299632913
TEST_1459,352.24327758119
TEST_1460,545.9554514945123
TEST_1461,145.2777077943138
TEST_1462,41.466813527860054
TEST_1463,751.5828261861233
TEST_1464,352.8650863008503
TEST_1465,462.93669987102714
TEST_1466,153.24024242360102
TEST_1467,254.71119689008927
TEST_1468,252.51820068253957
TEST_1469,462.90137763858553
TEST_1470,44.21268566383556
TEST_1471,749.93972758905
TEST_1472,355.3460110514063
TEST_1473,250.14320421273564
TEST_1474,155.59392523067615
TEST_1475,546.4053710323178
TEST_1476,554.1206060519153
TEST_1477,338.50618578169986
TEST_1478,351.64198286682176
TEST_1479,246.92520786450643
TEST_1480,647.4321902389202
TEST_1481,155.73677129551322
TEST_1482,150.51636408325652
TEST_1483,448.27452810106604
TEST_1484,535.6345996885309
TEST_1485,126.45044302020942
TEST_1486,311.0589814430199
TEST_1487,750.5169330230269
TEST_1488,48.9451616408293
TEST_1489,113.73813590962592
TEST_1490,447.477033051343
TEST_1491,648.5261019911768
TEST_1492,650.4716427584655
TEST_1493,102.68558001919831
TEST_1494,548.4771949123901
TEST_1495,157.28551403763254
TEST_1496,645.5203183217718
TEST_1497,347.7852875708404
TEST_1498,651.4078328395117
TEST_1499,354.2567586152264
TEST_1500,448.4075660851689
TEST_1501,364.46313003648766
TEST_1502,263.9543889254121
TEST_1503,350.30462006935943
TEST_1504,350.60357131557134
TEST_1505,66.7223654215164
TEST_1506,431.0222780118492
TEST_1507,354.05247460647183
TEST_1508,710.0025308540945
TEST_1509,647.7019155138737
TEST_1510,535.0351710075366
TEST_1511,248.3032897954962
TEST_1512,247.6604011742206
TEST_1513,464.5305796213623
TEST_1514,57.751204024152656
TEST_1515,251.3316797589361
TEST_1516,346.9524465321282
TEST_1517,449.2354380504003
TEST_1518,248.42166646896248
TEST_1519,649.988386992289
TEST_1520,445.562235433628
TEST_1521,677.1394117662815
TEST_1522,155.42966265204194
TEST_1523,251.1966091074774
TEST_1524,350.8603415358125
TEST_1525,650.7983385005208
TEST_1526,363.041807970932
TEST_1527,350.19819561703696
TEST_1528,43.72001584637006
TEST_1529,449.5552378530383
TEST_1530,751.5303156391907
TEST_1531,294.6523388478362
TEST_1532,548.7805522301367
TEST_1533,38.3964695505009
TEST_1534,136.90007966566856
TEST_1535,350.3987914392321
TEST_1536,549.8495731710005
TEST_1537,248.43820456547044
TEST_1538,351.74743250888275
TEST_1539,357.2324247822796
TEST_1540,351.93821568510737
TEST_1541,550.8154216121051
TEST_1542,33.466765598090106
TEST_1543,246.99351781746444
TEST_1544,138.32059136958014
TEST_1545,639.7337054273214
TEST_1546,449.95813269662347
TEST_1547,248.39193209416982
TEST_1548,552.6059539856401
TEST_1549,154.25370853105807
TEST_1550,249.53110858241973
TEST_1551,350.3806631471384
TEST_1552,153.94752614099733
TEST_1553,541.7627229709924
TEST_1554,457.67746455076264
TEST_1555,248.90462820169492
TEST_1556,649.2764574911807
TEST_1557,739.5954507731494
TEST_1558,152.08848009142247
TEST_1559,349.58394449091514
TEST_1560,449.6143545710662
TEST_1561,247.65831282800463
TEST_1562,501.44532556648977
TEST_1563,155.49593392729537
TEST_1564,450.06736191545775
TEST_1565,246.71017349738605
TEST_1566,652.5633592122465
TEST_1567,249.5985655938212
TEST_1568,555.5137653924994
TEST_1569,551.635407432683
TEST_1570,754.2136940760993
TEST_1571,39.317224606381515
TEST_1572,653.6782451982292
TEST_1573,454.7017626400136
TEST_1574,650.7083195396758
TEST_1575,136.41092715107774
TEST_1576,216.43236436194263
TEST_1577,551.9773465023085
TEST_1578,649.7541419981426
TEST_1579,653.2148936301296
TEST_1580,348.33936244648817
TEST_1581,722.0999509159651
TEST_1582,448.2010009959083
TEST_1583,354.14767040835534
TEST_1584,463.4072481152381
TEST_1585,443.0422056876538
TEST_1586,247.94296181583923
TEST_1587,751.2649442286815
TEST_1588,530.4265300378456
TEST_1589,348.7298391271414
TEST_1590,249.38048623383773
TEST_1591,350.80534177500397
TEST_1592,652.2724846098322
TEST_1593,551.8239489291554
TEST_1594,43.946103772862244
TEST_1595,743.1450456156363
TEST_1596,712.0773151103253
TEST_1597,561.7391592903396
TEST_1598,549.4072822374881
TEST_1599,246.86403593870904
TEST_1600,648.3917593576077
TEST_1601,147.83364107887388
TEST_1602,523.022789567782
TEST_1603,711.8744900902266
TEST_1604,154.54505877781403
TEST_1605,550.986356960179
TEST_1606,349.06243426650474
TEST_1607,751.9079705242043
TEST_1608,253.82537255368067
TEST_1609,249.72358822175562
TEST_1610,450.6133591868459
TEST_1611,373.07425686402587
TEST_1612,440.8474253877419
TEST_1613,165.173239246018
TEST_1614,178.26818599392774
TEST_1615,351.09424260818093
TEST_1616,252.61584527018425
TEST_1617,157.045122471161
TEST_1618,353.46372273385475
TEST_1619,548.871122759201
TEST_1620,153.7418217998557
TEST_1621,452.81061510165995
TEST_1622,450.9626870158273
TEST_1623,153.50797066458216
TEST_1624,449.87419085695603
TEST_1625,656.2880528095723
TEST_1626,746.9022379433106
TEST_1627,347.678046283007
TEST_1628,723.8764464836786
TEST_1629,645.1836098947274
TEST_1630,577.9211981898054
TEST_1631,35.86485866950662
TEST_1632,644.667342115453
TEST_1633,249.47443844066805
TEST_1634,445.18384922253
TEST_1635,449.3021419419801
TEST_1636,95.39848491411917
TEST_1637,449.96314946398843
TEST_1638,248.99905602338384
TEST_1639,248.9915661330158
TEST_1640,60.375629988866095
TEST_1641,351.4824480299459
TEST_1642,536.7828364819808
TEST_1643,153.56999501462124
TEST_1644,447.84251858010873
TEST_1645,249.96930134059465
TEST_1646,742.3906004746038
TEST_1647,348.2579581799126
TEST_1648,249.76293308999234
TEST_1649,113.40875152322512
TEST_1650,251.13393679703245
TEST_1651,713.6781697953877
TEST_1652,33.102003772991715
TEST_1653,153.52731093176595
TEST_1654,36.54109859320667
TEST_1655,354.8196477338171
TEST_1656,752.9665008035566
TEST_1657,145.2511473861353
TEST_1658,646.386145095143
TEST_1659,246.77222032328632
TEST_1660,532.447439275618
TEST_1661,752.6783104751373
TEST_1662,63.65046912998421
TEST_1663,347.3427797881476
TEST_1664,383.59026072751954
TEST_1665,650.2840475378293
TEST_1666,153.24955521700133
TEST_1667,155.0785042719088
TEST_1668,66.77439371778902
TEST_1669,153.98927786766052
TEST_1670,545.989701611777
TEST_1671,357.1377547069251
TEST_1672,347.2969321045075
TEST_1673,552.8867517528014
TEST_1674,442.9670628283096
TEST_1675,46.38094450217871
TEST_1676,358.9474673390164
TEST_1677,646.6542858458997
TEST_1678,147.25998457764155
TEST_1679,447.0530256300906
TEST_1680,622.5108766467056
TEST_1681,351.9625121618276
TEST_1682,355.93846841978086
TEST_1683,450.54379069004386
TEST_1684,347.51842924136906
TEST_1685,561.1043254068379
TEST_1686,350.58219323081335
TEST_1687,608.2802209568035
TEST_1688,32.71377027958381
TEST_1689,543.7368983628285
TEST_1690,750.7256035932021
TEST_1691,153.84552053186982
TEST_1692,356.7867332701535
TEST_1693,554.0223205331735
TEST_1694,749.6355242997852
TEST_1695,543.8077073688146
TEST_1696,51.224683643106744
TEST_1697,250.99613973860767
TEST_1698,249.6973141276789
TEST_1699,353.12353387097033
TEST_1700,446.0311687415789
TEST_1701,248.0803808701588
TEST_1702,251.22390431709982
TEST_1703,34.36200263857352
TEST_1704,750.8027680877922
TEST_1705,617.3167944067263
TEST_1706,374.1924808335412
TEST_1707,753.2465166091478
TEST_1708,643.2412506574872
TEST_1709,466.13503333888593
TEST_1710,370.318190699892
TEST_1711,318.14009229262547
TEST_1712,646.3637474410955
TEST_1713,358.1299316527663
TEST_1714,446.98470626306414
TEST_1715,553.4278931311626
TEST_1716,247.28863514432442
TEST_1717,643.5786254743609
TEST_1718,648.5815196023663
TEST_1719,375.44609992076255
TEST_1720,546.5231626344973
TEST_1721,154.26175829650705
TEST_1722,647.4258875314563
TEST_1723,156.3741943562598
TEST_1724,136.43668581747107
TEST_1725,649.0138457978039
TEST_1726,155.18133817249463
TEST_1727,250.03911994056426
TEST_1728,222.603641360617
TEST_1729,254.06465551176353
TEST_1730,553.0025556619262
TEST_1731,34.08682496450666
TEST_1732,248.70642658958232
TEST_1733,695.6663261923418
TEST_1734,154.85497855182427
TEST_1735,447.7222074700967
TEST_1736,748.2154822840178
TEST_1737,246.2528598757592
TEST_1738,251.90723729523657
TEST_1739,154.5388215489284
TEST_1740,349.0908896209638
TEST_1741,652.3553882819406
TEST_1742,267.5059946628468
TEST_1743,246.86406706767661
TEST_1744,42.535271162005095
TEST_1745,124.57555697578584
TEST_1746,499.7847412278583
TEST_1747,446.8225502025045
TEST_1748,366.42048824129427
TEST_1749,251.19892523539838
TEST_1750,246.72338030223625
TEST_1751,650.2904458816344
TEST_1752,552.6806337554344
TEST_1753,449.10575470195306
TEST_1754,153.51953303791925
TEST_1755,648.2314629523048
TEST_1756,448.7436842131783
TEST_1757,181.62019674607836
TEST_1758,153.93360614222888
TEST_1759,161.50225433680453
TEST_1760,263.76966802846357
TEST_1761,651.4416544214673
TEST_1762,561.3282869674962
TEST_1763,751.3950721494409
TEST_1764,651.3294647151721
TEST_1765,452.27122762553967
TEST_1766,450.4127145935104
TEST_1767,46.28756793197548
TEST_1768,349.5150115708676
TEST_1769,347.99662385569917
TEST_1770,650.5597421848723
TEST_1771,653.703973513905
TEST_1772,448.7546745812144
TEST_1773,563.8280869742728
TEST_1774,411.157425112369
TEST_1775,449.5629461388048
TEST_1776,248.98039866650885
TEST_1777,739.9434673211244
TEST_1778,615.1659844823198
TEST_1779,445.51431985457526
TEST_1780,247.8622395453355
TEST_1781,42.1592105968212
TEST_1782,194.74574880011664
TEST_1783,550.7460039644677
TEST_1784,548.4909131371973
TEST_1785,248.35436039158083
TEST_1786,442.0591714701338
TEST_1787,43.56903089873277
TEST_1788,350.26794073840153
TEST_1789,121.71859017097948
TEST_1790,647.2774396999098
TEST_1791,350.56958424443076
TEST_1792,135.3976624205505
TEST_1793,544.2056359425471
TEST_1794,41.089470587737125
TEST_1795,652.1619555649198
TEST_1796,249.04029708729524
TEST_1797,31.87914927339843
TEST_1798,249.2871308811076
TEST_1799,644.5322116731007
TEST_1800,354.5475473243251
TEST_1801,448.1911299295562
TEST_1802,635.7818206960895
TEST_1803,553.8522888577518
TEST_1804,249.28775062803436
TEST_1805,604.7309918836676
TEST_1806,389.10560271841086
TEST_1807,750.9229686086537
TEST_1808,451.31564154839043
TEST_1809,646.5069973758616
TEST_1810,156.15990809011868
TEST_1811,646.3894516015177
TEST_1812,553.5091751265315
TEST_1813,543.1177883139303
TEST_1814,651.5294145148408
TEST_1815,154.26494432594205
TEST_1816,546.353515861075
TEST_1817,551.2370977442654
TEST_1818,451.5579448340037
TEST_1819,250.56144443165445
TEST_1820,140.18385065055526
TEST_1821,645.0184121657651
TEST_1822,130.8429134536119
TEST_1823,647.8369785742279
TEST_1824,40.9182622822363
TEST_1825,249.47931947845512
TEST_1826,737.197419897298
TEST_1827,250.78281788415887
TEST_1828,153.4113159906849
TEST_1829,247.67848774993433
TEST_1830,146.17743292490218
TEST_1831,51.01162820524407
TEST_1832,352.099383934942
TEST_1833,550.0118610297925
TEST_1834,351.2307316157397
TEST_1835,646.7588029185115
TEST_1836,630.2214764646428
TEST_1837,228.60807179828902
TEST_1838,38.092009275708776
TEST_1839,47.22600188370738
TEST_1840,191.9668324879176
TEST_1841,609.392866707762
TEST_1842,43.367839838316144
TEST_1843,751.7513657518515
TEST_1844,31.037688253955373
TEST_1845,50.22760622625103
TEST_1846,173.12465758016478
TEST_1847,651.4197053803248
TEST_1848,32.50889013366337
TEST_1849,737.6362314541973
TEST_1850,248.66010846195076
TEST_1851,249.02098736829583
TEST_1852,350.9402659830802
TEST_1853,451.2793572607238
TEST_1854,243.40731110033568
TEST_1855,750.4885359997146
TEST_1856,485.09984845097136
TEST_1857,696.8851610274432
TEST_1858,552.2233896995741
TEST_1859,348.791003261452
TEST_1860,448.45330725611086
TEST_1861,447.6570317336467
TEST_1862,574.2649390567768
TEST_1863,452.47977842152085
TEST_1864,743.104972099735
TEST_1865,565.4627051410384
TEST_1866,547.2064469911663
TEST_1867,542.6657218917771
TEST_1868,35.749714950283455
TEST_1869,635.3392574466933
TEST_1870,645.9513609477791
TEST_1871,156.75872242642225
TEST_1872,345.8197659311721
TEST_1873,355.78949994751315
TEST_1874,575.4419535383316
TEST_1875,647.8411175416757
TEST_1876,753.0881910985444
TEST_1877,35.965229270686045
TEST_1878,155.1647056911467
TEST_1879,574.0507570051213
TEST_1880,248.06016345988508
TEST_1881,251.7465198658747
TEST_1882,543.0986898681658
TEST_1883,155.9164496895203
TEST_1884,742.0855089924773
TEST_1885,503.4001895872933
TEST_1886,647.2430929743266
TEST_1887,240.22333638482223
TEST_1888,246.8589679435448
TEST_1889,661.4686757149484
TEST_1890,551.686577031006
TEST_1891,41.16624282227526
TEST_1892,245.74488623582033
TEST_1893,194.1288112806574
TEST_1894,350.6235921787684
TEST_1895,642.3881077085114
TEST_1896,648.0307592666206
TEST_1897,54.85873652901502
TEST_1898,350.3854350439037
TEST_1899,651.5990293404909
TEST_1900,349.29605658237176
TEST_1901,648.4163932583164
TEST_1902,407.6459950836879
TEST_1903,505.3050571583275
TEST_1904,254.4374481616096
TEST_1905,275.36420615599377
TEST_1906,544.8350395962347
TEST_1907,550.3166097560506
TEST_1908,646.7782941769749
TEST_1909,559.8279050730783
TEST_1910,44.77885348665628
TEST_1911,448.3431202656536
TEST_1912,651.1686164432202
TEST_1913,248.76535105182307
TEST_1914,749.228666826287
TEST_1915,545.7622031885647
TEST_1916,347.07756458742267
TEST_1917,353.129901479011
TEST_1918,353.32523462982107
TEST_1919,48.930858971902936
TEST_1920,684.077293785628
TEST_1921,153.5737554095574
TEST_1922,750.467342936543
TEST_1923,38.192675293459004
TEST_1924,552.3119284345415
TEST_1925,452.6355043323782
TEST_1926,550.9232976739323
TEST_1927,545.0243742323192
TEST_1928,50.52829024846919
TEST_1929,449.90975589810307
TEST_1930,33.61730474434936
TEST_1931,42.571954780541326
TEST_1932,554.3078843938954
TEST_1933,304.33920236820603
TEST_1934,351.220873748538
TEST_1935,450.19846669580994
TEST_1936,351.83679248225485
TEST_1937,568.001593844072
TEST_1938,449.2040208976829
TEST_1939,246.29993348710224
TEST_1940,44.10833704547986
TEST_1941,432.20855717442663
TEST_1942,651.7436742979332
TEST_1943,552.5522277975662
TEST_1944,347.8413282654794
TEST_1945,446.55651906045523
TEST_1946,52.593333492677075
TEST_1947,191.698729018611
TEST_1948,243.03274035492205
TEST_1949,447.3914679946885
TEST_1950,448.5839347793865
TEST_1951,649.2158730631706
TEST_1952,250.17420160673677
TEST_1953,153.9907871244722
TEST_1954,748.4938107010788
TEST_1955,550.6803065195243
TEST_1956,446.0821439951087
TEST_1957,451.03645107399495
TEST_1958,567.5594855204145
TEST_1959,44.672352027210295
TEST_1960,156.46065084096705
TEST_1961,350.8100008298902
TEST_1962,550.9940533885851
TEST_1963,257.93175505862575
TEST_1964,33.870212518440816
TEST_1965,36.20278355491613
TEST_1966,545.4244428855025
TEST_1967,620.2199315877397
TEST_1968,747.8844154422677
TEST_1969,349.968590181698
TEST_1970,144.48046460107366
TEST_1971,138.11301171417568
TEST_1972,541.7652260138699
TEST_1973,130.6706679095003
TEST_1974,644.8569046218688
TEST_1975,318.33085787466064
TEST_1976,501.18051852608824
TEST_1977,752.7642019704481
TEST_1978,151.453319212354
TEST_1979,754.1300852164824
TEST_1980,453.8743022824765
TEST_1981,449.15005760485576
TEST_1982,688.3986324809971
TEST_1983,559.7385636841968
TEST_1984,349.99580791517883
TEST_1985,154.0232224360184
TEST_1986,365.89756040893076
TEST_1987,156.43182297763238
TEST_1988,359.89297912565155
TEST_1989,750.5279897219978
TEST_1990,735.7512673574477
TEST_1991,247.13880307542922
TEST_1992,34.63750455640918
TEST_1993,346.9283528966133
TEST_1994,459.4131936099745
TEST_1995,247.80284280157903
TEST_1996,41.880062015664436
TEST_1997,349.35820745744854
TEST_1998,348.4037971841461
TEST_1999,559.2348982943591
TEST_2000,247.48541697079781
TEST_2001,648.9893286049422
TEST_2002,170.70836864375212
TEST_2003,751.6336318044632
TEST_2004,403.8218520833369
TEST_2005,333.7072083074035
TEST_2006,249.33157612344277
TEST_2007,149.72200487279525
TEST_2008,247.80283239429878
TEST_2009,449.60511289071894
TEST_2010,649.1401660744089
TEST_2011,648.2776255582885
TEST_2012,550.2534734465826
TEST_2013,549.5223528054499
TEST_2014,247.85031109453104
TEST_2015,362.49339180138156
TEST_2016,249.15346899462295
TEST_2017,246.76942441010078
TEST_2018,548.1445000738981
TEST_2019,349.66103983193324
TEST_2020,450.22637515375857
TEST_2021,646.7642639064186
TEST_2022,154.19758355645172
TEST_2023,448.02359036330495
TEST_2024,448.7344556847636
TEST_2025,349.84962159510235
TEST_2026,711.045566290972
TEST_2027,111.70224807462526
TEST_2028,155.06642536402904
TEST_2029,694.9062780395002
TEST_2030,43.97626580764856
TEST_2031,448.160902713106
TEST_2032,181.015538318298
TEST_2033,252.33800335903516
TEST_2034,153.24779391848654
TEST_2035,350.98291703323866
TEST_2036,152.8138348294135
TEST_2037,191.67413491964794
TEST_2038,277.7732575706177
TEST_2039,648.6357944332112
TEST_2040,451.7060891719417
TEST_2041,145.60450825141893
TEST_2042,247.4256094051205
TEST_2043,197.92918775960578
TEST_2044,547.5806071883317
TEST_2045,590.6156209369026
TEST_2046,132.8943677184365
TEST_2047,521.7740738152545
TEST_2048,277.9097629332877
TEST_2049,249.17376844079973
TEST_2050,750.9480312892579
TEST_2051,451.2445001561131
TEST_2052,553.8692493610429
TEST_2053,644.8396924063278
TEST_2054,456.0696564052373
TEST_2055,350.93567022330416
TEST_2056,249.60669924705454
TEST_2057,153.29554995850702
TEST_2058,547.1582511620647
TEST_2059,720.5975033861598
TEST_2060,135.37017598469447
TEST_2061,351.39004400706256
TEST_2062,649.174415227598
TEST_2063,752.0547364640452
TEST_2064,647.0374250250875
TEST_2065,549.8822319199054
TEST_2066,543.5111840557729
TEST_2067,248.32012276995374
TEST_2068,450.1614300112035
TEST_2069,372.75899699055776
TEST_2070,375.3672616118232
TEST_2071,251.09447785270808
TEST_2072,580.0068494996867
TEST_2073,751.5567718729104
TEST_2074,448.9840012359636
TEST_2075,446.7056486965716
TEST_2076,450.38427211173484
TEST_2077,547.6912188836515
TEST_2078,355.34645753421944
TEST_2079,273.30422787327615
TEST_2080,547.6374853404951
TEST_2081,345.2388596450828
TEST_2082,651.4760675007834
TEST_2083,33.038410184667754
TEST_2084,338.70347484997535
TEST_2085,154.6716827545221
TEST_2086,349.9729104280075
TEST_2087,148.13961334275868
TEST_2088,40.12696652532111
TEST_2089,753.0022339969352
TEST_2090,59.184698940596746
TEST_2091,636.0005672042266
TEST_2092,733.3005177469994
TEST_2093,351.40136080417085
TEST_2094,246.61026612871018
TEST_2095,253.50934709640543
TEST_2096,550.3263217501215
TEST_2097,546.1291612567685
TEST_2098,750.6349230990276
TEST_2099,136.92103828516045
TEST_2100,253.29533161033004
TEST_2101,250.13579713404584
TEST_2102,449.17671636411046
TEST_2103,450.79530668548296
TEST_2104,751.1260850326657
TEST_2105,349.4190296388799
TEST_2106,190.7206022750625
TEST_2107,249.01287041797985
TEST_2108,348.553896408437
TEST_2109,461.27688956930376
TEST_2110,154.68712137782072
TEST_2111,248.32664374433347
TEST_2112,645.4002612134279
TEST_2113,753.1215289559184
TEST_2114,647.900581495081
TEST_2115,358.95729955505976
TEST_2116,642.9190050187915
TEST_2117,644.6295157189431
TEST_2118,123.0887438178311
TEST_2119,33.15496779732304
TEST_2120,550.7918928850675
TEST_2121,151.73724122320272
TEST_2122,550.0510095420557
TEST_2123,447.89038235713133
TEST_2124,554.0160608180286
TEST_2125,544.6495888684021
TEST_2126,652.2135849582951
TEST_2127,659.1966405025801
TEST_2128,349.1287062951045
TEST_2129,449.841298071879
TEST_2130,167.00876156670842
TEST_2131,552.3043972144794
TEST_2132,552.730684603886
TEST_2133,37.88693941393517
TEST_2134,251.15824572130958
TEST_2135,649.7987867755157
TEST_2136,237.58506559828075
TEST_2137,567.7444428704371
TEST_2138,31.796386964755563
TEST_2139,716.670983845288
TEST_2140,338.8136502947078
TEST_2141,413.4507793945462
TEST_2142,553.0269526955399
TEST_2143,448.18554960724555
TEST_2144,252.51333858965685
TEST_2145,366.9263790741579
TEST_2146,68.47419955869395
TEST_2147,349.7357482915853
TEST_2148,449.0056277490753
TEST_2149,152.99333110166614
TEST_2150,377.0686766421036
TEST_2151,155.87192572875205
TEST_2152,648.0016272430918
TEST_2153,147.59078258414658
TEST_2154,154.06732629152236
TEST_2155,346.5810864392138
TEST_2156,353.987249795855
TEST_2157,750.9644523939735
TEST_2158,45.12199197646373
TEST_2159,747.0460996340321
TEST_2160,302.0868762316847
TEST_2161,347.0560443800383
TEST_2162,447.1519913178714
TEST_2163,634.5258439709418
TEST_2164,249.2582322091858
TEST_2165,547.5692533154263
TEST_2166,152.85787331227098
TEST_2167,35.368614909656685
TEST_2168,348.8820716402265
TEST_2169,451.9246957046413
TEST_2170,348.679186177597
TEST_2171,642.3451145290462
TEST_2172,643.1018461438381
TEST_2173,352.96353869059385
TEST_2174,155.62778669728792
TEST_2175,153.92179084632704
TEST_2176,450.2322227354606
TEST_2177,148.5099620747692
TEST_2178,694.8282962814815
TEST_2179,554.3245600078636
TEST_2180,554.3746403267978
TEST_2181,247.38900718322327
TEST_2182,448.3001035976572
TEST_2183,251.78965286467505
TEST_2184,752.674526329995
TEST_2185,646.3754017095653
TEST_2186,40.05310190357791
TEST_2187,462.9494559474939
TEST_2188,749.7972598100547
TEST_2189,449.23905476591835
TEST_2190,752.560509273106
TEST_2191,147.3053197795733
TEST_2192,645.576587774864
TEST_2193,546.665264355691
TEST_2194,246.717643205296
TEST_2195,250.21946586252392
TEST_2196,445.79582582174015
TEST_2197,450.42352020365746
TEST_2198,349.29765022392235
TEST_2199,648.3546015604268
TEST_2200,160.41845996022462
TEST_2201,645.3831235279326
TEST_2202,544.0436433873629
TEST_2203,751.6552943759898
TEST_2204,339.41533148980966
TEST_2205,359.2225716173865
TEST_2206,248.79504505850412
TEST_2207,69.08870264631527
